ID,Fecha,Fecha Entrega Esperada,Fecha Entrega Real,Proveedor,SKU,Cantidad Solicitada,Cantidad Recibida,Costo Unitario USD,Costo Total USD,Descuento %,Impuesto USD,Total USD,Moneda,Método de Pago,Almacén Destino,Transporte,Estado,Observaciones
COMP-0001,2024-06-19,2024-07-30,2024-07-15,PROV-014,SKU-0191,25,24,239.08,5977.0,8.2,956.32,6443.21,USD,Crédito,ALM-04,TR-022,Completada,Producto dañado
COMP-0002,2024-05-07,2024-06-10,2024-06-19,PROV-024,SKU-0005,39,36,453.49,17686.11,7.5,2829.78,19189.43,EUR,Cheque,ALM-06,TR-012,Cancelada,Producto dañado
COMP-0003,2025-09-01,2025-09-14,2025-10-07,PROV-008,SKU-0046,59,56,242.77,14323.43,2.7,2291.75,16228.45,EUR,Contado,ALM-07,TR-021,Pendiente,
COMP-0004,2025-02-25,2025-03-06,2025-03-30,PROV-006,SKU-0027,12,7,342.33,4107.96,9.2,657.27,4387.3,CNY,Letra de cambio,ALM-02,TR-021,Parcial,
COMP-0005,2025-07-18,2025-08-14,2025-07-27,PROV-043,SKU-0075,54,53,145.34,7848.36,11.7,1255.74,8185.84,EUR,Transferencia,ALM-06,TR-015,Cancelada,Retraso por aduana
COMP-0006,2025-11-05,2025-11-24,2025-11-26,PROV-001,SKU-0096,29,26,278.4,8073.6,4.0,1291.78,9042.44,USD,Transferencia,ALM-07,TR-002,Completada,
COMP-0007,2024-12-09,2024-12-22,2025-01-16,PROV-010,SKU-0096,67,64,419.02,28074.34,9.0,4491.89,30039.54,USD,Letra de cambio,ALM-07,TR-007,Cancelada,
COMP-0008,2026-01-15,2026-01-29,2026-02-11,PROV-037,SKU-0110,17,15,472.73,8036.41,5.9,1285.83,8848.09,CNY,Crédito,ALM-07,TR-008,Completada,
COMP-0009,2026-02-19,2026-04-03,2026-03-09,PROV-033,SKU-0031,81,77,309.62,25079.22,5.9,4012.68,27612.23,USD,Contado,ALM-04,TR-003,Completada,
COMP-0010,2025-09-24,2025-10-31,2025-10-01,PROV-028,SKU-0003,81,77,396.51,32117.31,2.3,5138.77,36517.38,EUR,Transferencia,ALM-03,TR-015,En tránsito,
COMP-0011,2024-09-08,2024-10-05,2024-09-26,PROV-016,SKU-0168,29,24,183.62,5324.98,8.0,852.0,5750.98,USD,Contado,ALM-02,TR-005,Completada,
COMP-0012,2024-09-25,2024-10-09,2024-10-02,PROV-008,SKU-0118,77,77,105.21,8101.17,2.1,1296.19,9227.24,EUR,Contado,ALM-04,TR-013,Completada,OK
COMP-0013,2024-08-03,2024-09-01,2024-08-29,PROV-002,SKU-0106,10,8,268.93,2689.3,9.4,430.29,2866.8,EUR,Crédito,ALM-03,TR-010,Completada,
COMP-0014,2024-12-17,2025-01-11,2025-01-18,PROV-043,SKU-0146,81,77,322.99,26162.19,0.5,4185.95,30217.33,CNY,Letra de cambio,ALM-01,TR-006,Pendiente,
COMP-0015,2026-02-18,2026-03-02,2026-03-05,PROV-013,SKU-0156,4,2,291.18,1164.72,7.8,186.36,1260.23,USD,Crédito,ALM-01,TR-011,Completada,
COMP-0016,2025-05-08,2025-05-23,2025-05-15,PROV-006,SKU-0187,89,87,472.93,42090.77,4.0,6734.52,47141.66,CNY,Contado,ALM-08,TR-024,Parcial,Retraso por aduana
COMP-0017,2026-01-04,2026-01-24,2026-01-31,PROV-033,SKU-0103,25,25,162.54,4063.5,3.0,650.16,4591.76,CNY,Letra de cambio,ALM-05,TR-006,Completada,OK
COMP-0018,2024-11-22,2025-01-03,2024-11-30,PROV-028,SKU-0115,55,51,318.35,17509.25,4.1,2801.48,19592.85,EUR,Cheque,ALM-04,TR-019,En tránsito,Producto dañado
COMP-0019,2025-06-07,2025-06-26,2025-07-16,PROV-041,SKU-0017,58,55,125.26,7265.08,0.5,1162.41,8391.16,USD,Letra de cambio,ALM-09,TR-012,Cancelada,
COMP-0020,2024-09-08,2024-09-15,2024-09-23,PROV-008,SKU-0047,42,37,243.22,10215.24,2.8,1634.44,11563.65,USD,Contado,ALM-03,TR-025,En tránsito,
COMP-0021,2025-04-21,2025-05-30,2025-05-13,PROV-001,SKU-0082,89,88,54.91,4886.99,4.9,781.92,5429.45,CNY,Transferencia,ALM-07,TR-010,Completada,
COMP-0022,2025-11-18,2025-11-25,2025-12-26,PROV-007,SKU-0144,36,31,372.32,13403.52,14.2,2144.56,13644.78,EUR,Cheque,ALM-06,TR-011,Completada,
COMP-0023,2024-05-02,2024-05-12,2024-06-01,PROV-004,SKU-0127,64,63,71.06,4547.84,4.1,727.65,5089.03,CNY,Contado,ALM-10,TR-013,Completada,
COMP-0024,2024-01-05,2024-02-06,2024-01-25,PROV-019,SKU-0005,83,82,402.49,33406.67,8.6,5345.07,35878.77,EUR,Transferencia,ALM-09,TR-017,Completada,Producto dañado
COMP-0025,2025-03-01,2025-03-23,2025-03-20,PROV-042,SKU-0005,9,7,261.45,2353.05,12.4,376.49,2437.76,USD,Cheque,ALM-02,TR-018,En tránsito,OK
COMP-0026,2025-05-20,2025-07-03,2025-05-29,PROV-040,SKU-0013,51,49,184.3,9399.3,14.8,1503.89,9512.09,CNY,Transferencia,ALM-01,TR-008,Completada,
COMP-0027,2024-08-19,2024-09-01,2024-08-26,PROV-009,SKU-0027,42,41,437.62,18380.04,10.9,2940.81,19317.43,USD,Letra de cambio,ALM-01,TR-023,Completada,Entrega parcial
COMP-0028,2024-12-03,2025-01-14,2024-12-29,PROV-003,SKU-0029,7,5,476.22,3333.54,1.1,533.37,3830.24,USD,Crédito,ALM-10,TR-015,Completada,
COMP-0029,2025-02-27,2025-04-11,2025-03-29,PROV-021,SKU-0038,97,92,312.86,30347.42,12.8,4855.59,31318.54,USD,Letra de cambio,ALM-09,TR-008,Parcial,OK
COMP-0030,2024-09-27,2024-10-18,2024-11-13,PROV-018,SKU-0083,99,99,378.89,37510.11,3.4,6001.62,42236.39,USD,Letra de cambio,ALM-04,TR-022,Completada,
COMP-0031,2025-04-24,2025-05-21,2025-05-08,PROV-005,SKU-0127,8,5,145.61,1164.88,10.1,186.38,1233.61,USD,Contado,ALM-04,TR-019,En tránsito,Entrega parcial
COMP-0032,2024-05-13,2024-05-30,2024-06-07,PROV-046,SKU-0117,84,81,119.3,10021.2,7.6,1603.39,10862.98,EUR,Letra de cambio,ALM-09,TR-007,Cancelada,
COMP-0033,2025-08-14,2025-09-27,2025-08-22,PROV-005,SKU-0072,55,54,123.89,6813.95,4.6,1090.23,7590.74,EUR,Transferencia,ALM-02,TR-008,Completada,OK
COMP-0034,2024-12-26,2025-01-14,2025-01-04,PROV-012,SKU-0069,4,0,264.31,1057.24,8.0,169.16,1141.82,USD,Contado,ALM-07,TR-007,Completada,Retraso por aduana
COMP-0035,2025-01-13,2025-01-22,2025-01-18,PROV-033,SKU-0111,66,61,200.18,13211.88,6.6,2113.9,14453.8,EUR,Cheque,ALM-04,TR-010,Completada,Retraso por aduana
COMP-0036,2025-03-19,2025-03-28,2025-05-03,PROV-012,SKU-0153,36,36,288.3,10378.8,7.4,1660.61,11271.38,USD,Transferencia,ALM-04,TR-004,Completada,
COMP-0037,2024-08-19,2024-09-30,2024-10-04,PROV-037,SKU-0069,31,26,79.63,2468.53,1.5,394.96,2826.46,EUR,Cheque,ALM-07,TR-004,Completada,Entrega parcial
COMP-0038,2024-10-21,2024-12-01,2024-11-10,PROV-032,SKU-0053,22,17,403.58,8878.76,5.2,1420.6,9837.66,USD,Transferencia,ALM-03,TR-017,Parcial,Entrega parcial
COMP-0039,2024-07-10,2024-08-03,2024-08-10,PROV-045,SKU-0062,22,21,191.8,4219.6,1.0,675.14,4852.54,USD,Cheque,ALM-07,TR-011,Completada,
COMP-0040,2025-08-31,2025-09-25,2025-10-02,PROV-017,SKU-0020,22,18,355.64,7824.08,12.8,1251.85,8074.45,USD,Cheque,ALM-04,TR-016,Completada,
COMP-0041,2025-06-21,2025-07-26,2025-07-03,PROV-002,SKU-0146,88,87,495.69,43620.72,12.5,6979.32,45147.45,USD,Transferencia,ALM-05,TR-024,En tránsito,OK
COMP-0042,2025-05-13,2025-06-01,2025-06-07,PROV-032,SKU-0189,45,42,495.41,22293.45,3.9,3566.95,24990.96,USD,Contado,ALM-05,TR-023,En tránsito,OK
COMP-0043,2024-05-31,2024-06-29,2024-06-16,PROV-008,SKU-0070,88,83,283.69,24964.72,9.6,3994.36,26562.47,USD,Contado,ALM-08,TR-001,Completada,Retraso por aduana
COMP-0044,2025-01-21,2025-03-05,2025-01-29,PROV-024,SKU-0053,96,94,90.17,8656.32,13.8,1385.01,8846.76,CNY,Cheque,ALM-09,TR-006,Pendiente,Producto dañado
COMP-0045,2024-11-12,2024-11-27,2024-11-16,PROV-022,SKU-0101,76,72,237.78,18071.28,14.9,2891.4,18270.06,CNY,Contado,ALM-10,TR-004,Cancelada,OK
COMP-0046,2025-12-02,2025-12-14,2026-01-02,PROV-037,SKU-0089,37,32,99.59,3684.83,0.1,589.57,4270.72,USD,Letra de cambio,ALM-05,TR-020,Completada,Entrega parcial
COMP-0047,2024-02-11,2024-02-27,2024-03-02,PROV-032,SKU-0074,9,5,409.9,3689.1,0.2,590.26,4271.98,USD,Transferencia,ALM-08,TR-010,Completada,Retraso por aduana
COMP-0048,2024-10-17,2024-11-21,2024-11-30,PROV-023,SKU-0170,1,0,72.46,72.46,2.1,11.59,82.53,USD,Transferencia,ALM-05,TR-005,Completada,Retraso por aduana
COMP-0049,2024-12-29,2025-01-16,2025-02-12,PROV-038,SKU-0021,38,33,148.49,5642.62,7.1,902.82,6144.81,EUR,Cheque,ALM-07,TR-004,Pendiente,Entrega parcial
COMP-0050,2024-11-26,2025-01-05,2024-12-06,PROV-039,SKU-0080,23,18,303.76,6986.48,10.2,1117.84,7391.7,USD,Contado,ALM-03,TR-014,Completada,Entrega parcial
COMP-0051,2025-07-12,2025-07-26,2025-08-07,PROV-020,SKU-0022,39,36,305.0,11895.0,9.4,1903.2,12680.07,USD,Crédito,ALM-09,TR-015,En tránsito,Producto dañado
COMP-0052,2025-04-17,2025-04-21,2025-05-24,PROV-030,SKU-0091,55,55,259.95,14297.25,14.4,2287.56,14526.01,EUR,Transferencia,ALM-03,TR-020,Pendiente,
COMP-0053,2025-08-02,2025-08-23,2025-08-07,PROV-038,SKU-0132,48,45,107.27,5148.96,8.1,823.83,5555.72,USD,Cheque,ALM-01,TR-015,Parcial,
COMP-0054,2024-12-07,2025-01-17,2024-12-15,PROV-006,SKU-0015,35,33,423.45,14820.75,9.7,2371.32,15754.46,CNY,Cheque,ALM-06,TR-002,Completada,
COMP-0055,2025-05-22,2025-06-02,2025-06-07,PROV-045,SKU-0053,67,62,114.87,7696.29,11.1,1231.41,8073.41,USD,Contado,ALM-05,TR-024,Completada,OK
COMP-0056,2025-09-10,2025-09-20,2025-10-15,PROV-040,SKU-0177,26,26,101.62,2642.12,0.0,422.74,3064.86,USD,Crédito,ALM-02,TR-016,Completada,OK
COMP-0057,2024-07-07,2024-07-25,2024-08-12,PROV-026,SKU-0015,16,14,184.97,2959.52,7.3,473.52,3217.0,CNY,Cheque,ALM-10,TR-004,Cancelada,
COMP-0058,2024-09-03,2024-09-16,2024-10-07,PROV-041,SKU-0006,24,19,113.76,2730.24,11.2,436.84,2861.29,CNY,Crédito,ALM-08,TR-016,Pendiente,Entrega parcial
COMP-0059,2025-02-04,2025-03-03,2025-03-22,PROV-043,SKU-0026,76,76,271.83,20659.08,10.0,3305.45,21898.62,EUR,Cheque,ALM-07,TR-005,Completada,Entrega parcial
COMP-0060,2024-02-04,2024-03-19,2024-03-18,PROV-030,SKU-0031,73,68,225.24,16442.52,8.7,2630.8,17642.82,CNY,Cheque,ALM-01,TR-012,Completada,OK
COMP-0061,2025-05-27,2025-07-01,2025-06-11,PROV-047,SKU-0118,36,34,54.1,1947.6,2.4,311.62,2212.48,CNY,Cheque,ALM-09,TR-003,Completada,
COMP-0062,2024-05-23,2024-06-12,2024-07-12,PROV-023,SKU-0168,93,88,303.42,28218.06,6.9,4514.89,30785.9,USD,Cheque,ALM-02,TR-021,Parcial,Retraso por aduana
COMP-0063,2025-06-03,2025-07-18,2025-07-08,PROV-031,SKU-0156,85,83,131.17,11149.45,10.6,1783.91,11751.52,USD,Contado,ALM-10,TR-019,En tránsito,Retraso por aduana
COMP-0064,2024-04-08,2024-05-23,2024-04-16,PROV-005,SKU-0012,4,1,433.41,1733.64,2.4,277.38,1969.41,EUR,Contado,ALM-04,TR-025,Completada,
COMP-0065,2024-03-06,2024-03-12,2024-04-16,PROV-012,SKU-0187,50,48,390.12,19506.0,6.3,3120.96,21398.08,USD,Transferencia,ALM-02,TR-015,En tránsito,
COMP-0066,2025-10-14,2025-11-22,2025-11-20,PROV-012,SKU-0083,14,13,364.43,5102.02,5.7,816.32,5627.52,USD,Contado,ALM-08,TR-015,Pendiente,
COMP-0067,2024-07-15,2024-07-23,2024-08-23,PROV-013,SKU-0190,21,21,245.33,5151.93,7.9,824.31,5569.24,USD,Crédito,ALM-01,TR-005,Completada,Producto dañado
COMP-0068,2024-07-08,2024-08-21,2024-08-12,PROV-050,SKU-0105,73,70,295.96,21605.08,1.1,3456.81,24824.23,USD,Crédito,ALM-10,TR-016,En tránsito,Producto dañado
COMP-0069,2025-10-02,2025-10-29,2025-10-08,PROV-040,SKU-0144,18,14,410.72,7392.96,6.6,1182.87,8087.89,USD,Crédito,ALM-09,TR-010,Completada,
COMP-0070,2024-08-17,2024-09-07,2024-09-04,PROV-032,SKU-0060,7,4,320.67,2244.69,5.0,359.15,2491.61,USD,Transferencia,ALM-03,TR-010,Completada,
COMP-0071,2025-07-13,2025-07-23,2025-08-21,PROV-034,SKU-0157,65,62,190.51,12383.15,9.3,1981.3,13212.82,USD,Transferencia,ALM-01,TR-011,Cancelada,Entrega parcial
COMP-0072,2026-01-21,2026-02-14,2026-03-12,PROV-013,SKU-0086,98,93,76.73,7519.54,3.1,1203.13,8489.56,USD,Crédito,ALM-08,TR-003,Completada,Producto dañado
COMP-0073,2025-07-18,2025-08-20,2025-07-28,PROV-005,SKU-0107,77,75,382.68,29466.36,13.9,4714.62,30085.16,USD,Transferencia,ALM-01,TR-016,Completada,Producto dañado
COMP-0074,2024-08-21,2024-08-25,2024-08-26,PROV-028,SKU-0123,39,39,401.69,15665.91,13.1,2506.55,16120.23,USD,Letra de cambio,ALM-10,TR-013,Completada,OK
COMP-0075,2025-12-19,2026-01-18,2026-01-25,PROV-004,SKU-0100,99,98,219.75,21755.25,1.9,3480.84,24822.74,USD,Cheque,ALM-02,TR-020,En tránsito,Producto dañado
COMP-0076,2024-04-04,2024-05-14,2024-04-06,PROV-013,SKU-0088,56,55,463.13,25935.28,3.6,4149.64,29151.25,EUR,Letra de cambio,ALM-10,TR-002,Completada,
COMP-0077,2024-02-14,2024-03-08,2024-03-09,PROV-004,SKU-0020,8,4,107.02,856.16,2.7,136.99,970.03,USD,Contado,ALM-03,TR-020,Cancelada,OK
COMP-0078,2025-07-10,2025-07-26,2025-08-12,PROV-043,SKU-0032,85,80,84.56,7187.6,3.8,1150.02,8064.49,USD,Crédito,ALM-08,TR-023,Pendiente,Producto dañado
COMP-0079,2024-09-30,2024-10-23,2024-11-15,PROV-050,SKU-0142,38,34,441.04,16759.52,3.7,2681.52,18820.94,CNY,Transferencia,ALM-01,TR-012,Cancelada,OK
COMP-0080,2025-06-17,2025-07-04,2025-07-08,PROV-018,SKU-0021,27,22,460.42,12431.34,12.6,1989.01,12854.0,CNY,Crédito,ALM-02,TR-012,Completada,
COMP-0081,2024-04-26,2024-04-30,2024-05-29,PROV-016,SKU-0179,57,57,342.46,19520.22,6.8,3123.24,21316.09,USD,Contado,ALM-10,TR-013,Pendiente,
COMP-0082,2025-01-26,2025-02-22,2025-02-25,PROV-004,SKU-0072,79,79,222.77,17598.83,0.3,2815.81,20361.84,USD,Crédito,ALM-07,TR-006,Cancelada,
COMP-0083,2024-01-27,2024-03-08,2024-03-17,PROV-043,SKU-0079,5,3,293.7,1468.5,5.2,234.96,1627.1,USD,Letra de cambio,ALM-04,TR-025,Completada,Producto dañado
COMP-0084,2026-01-23,2026-01-29,2026-01-31,PROV-047,SKU-0160,56,52,439.58,24616.48,11.7,3938.64,25674.99,EUR,Contado,ALM-09,TR-015,Cancelada,Entrega parcial
COMP-0085,2024-05-15,2024-05-18,2024-06-03,PROV-011,SKU-0098,60,55,385.54,23132.4,13.9,3701.18,23618.18,USD,Transferencia,ALM-04,TR-025,Pendiente,Producto dañado
COMP-0086,2025-11-06,2025-11-25,2025-12-19,PROV-037,SKU-0102,5,1,327.0,1635.0,5.4,261.6,1808.31,USD,Transferencia,ALM-05,TR-019,En tránsito,Entrega parcial
COMP-0087,2024-02-07,2024-03-03,2024-03-10,PROV-012,SKU-0114,60,55,57.77,3466.2,0.1,554.59,4017.32,CNY,Crédito,ALM-07,TR-002,Completada,Entrega parcial
COMP-0088,2024-09-21,2024-10-11,2024-10-09,PROV-040,SKU-0142,41,38,478.98,19638.18,6.6,3142.11,21484.17,USD,Crédito,ALM-03,TR-005,Completada,
COMP-0089,2025-03-26,2025-05-05,2025-04-17,PROV-008,SKU-0168,5,5,132.91,664.55,7.6,106.33,720.37,CNY,Crédito,ALM-01,TR-023,Pendiente,Entrega parcial
COMP-0090,2024-08-28,2024-09-22,2024-09-05,PROV-002,SKU-0174,46,46,293.2,13487.2,0.7,2157.95,15550.74,CNY,Cheque,ALM-02,TR-017,Completada,
COMP-0091,2025-03-01,2025-03-08,2025-04-13,PROV-014,SKU-0084,74,71,217.11,16066.14,12.3,2570.58,16660.58,USD,Crédito,ALM-01,TR-011,En tránsito,Producto dañado
COMP-0092,2025-09-28,2025-10-02,2025-10-10,PROV-027,SKU-0167,48,46,261.81,12566.88,14.6,2010.7,12742.82,USD,Contado,ALM-03,TR-019,Completada,
COMP-0093,2025-06-04,2025-07-14,2025-07-21,PROV-039,SKU-0055,41,39,279.86,11474.26,11.7,1835.88,11967.65,USD,Cheque,ALM-10,TR-002,Completada,Retraso por aduana
COMP-0094,2024-08-17,2024-09-25,2024-09-20,PROV-049,SKU-0167,11,7,479.83,5278.13,14.4,844.5,5362.58,CNY,Cheque,ALM-09,TR-024,Completada,
COMP-0095,2024-10-02,2024-10-17,2024-11-09,PROV-039,SKU-0121,85,83,286.0,24310.0,6.6,3889.6,26595.14,USD,Contado,ALM-04,TR-025,En tránsito,
COMP-0096,2025-03-31,2025-04-29,2025-04-25,PROV-030,SKU-0081,96,96,487.58,46807.68,10.4,7489.23,49428.91,USD,Letra de cambio,ALM-09,TR-003,En tránsito,OK
COMP-0097,2024-05-08,2024-06-14,2024-05-25,PROV-039,SKU-0059,58,55,403.84,23422.72,3.4,3747.64,26373.99,CNY,Crédito,ALM-10,TR-009,Pendiente,Producto dañado
COMP-0098,2024-05-31,2024-07-09,2024-07-03,PROV-021,SKU-0031,11,6,233.83,2572.13,7.6,411.54,2788.19,USD,Crédito,ALM-08,TR-001,Completada,
COMP-0099,2026-01-30,2026-02-08,2026-02-09,PROV-027,SKU-0068,98,98,299.56,29356.88,14.0,4697.1,29944.02,EUR,Transferencia,ALM-03,TR-003,Completada,Retraso por aduana
COMP-0100,2025-12-30,2026-01-20,2026-01-08,PROV-028,SKU-0091,17,15,231.04,3927.68,8.4,628.43,4226.18,USD,Letra de cambio,ALM-10,TR-020,Completada,
COMP-0101,2025-10-07,2025-11-07,2025-11-25,PROV-005,SKU-0190,46,43,477.46,21963.16,13.7,3514.11,22468.32,USD,Cheque,ALM-03,TR-024,Completada,
COMP-0102,2025-04-09,2025-05-06,2025-05-01,PROV-010,SKU-0002,76,73,316.87,24082.12,10.1,3853.14,25502.97,USD,Letra de cambio,ALM-10,TR-009,Completada,
COMP-0103,2025-06-21,2025-07-31,2025-07-25,PROV-020,SKU-0127,44,41,71.73,3156.12,7.8,504.98,3414.92,USD,Contado,ALM-07,TR-011,Completada,
COMP-0104,2025-08-11,2025-09-22,2025-09-02,PROV-003,SKU-0189,94,94,144.81,13612.14,7.8,2177.94,14728.33,USD,Contado,ALM-03,TR-004,Pendiente,Entrega parcial
COMP-0105,2024-09-22,2024-11-02,2024-11-11,PROV-032,SKU-0113,29,29,448.41,13003.89,4.3,2080.62,14525.34,USD,Contado,ALM-03,TR-004,Completada,
COMP-0106,2024-07-18,2024-07-21,2024-08-20,PROV-002,SKU-0154,6,6,481.94,2891.64,8.1,462.66,3120.08,USD,Crédito,ALM-05,TR-019,Cancelada,OK
COMP-0107,2025-12-24,2026-01-03,2026-01-23,PROV-034,SKU-0033,59,56,182.72,10780.48,1.6,1724.88,12332.87,EUR,Contado,ALM-02,TR-005,Pendiente,
COMP-0108,2024-11-30,2024-12-13,2025-01-03,PROV-023,SKU-0021,96,94,406.99,39071.04,10.9,6251.37,41063.67,USD,Cheque,ALM-09,TR-022,Completada,Producto dañado
COMP-0109,2024-11-21,2024-12-06,2024-12-28,PROV-003,SKU-0111,13,8,469.57,6104.41,11.9,976.71,6354.7,USD,Transferencia,ALM-04,TR-005,Cancelada,
COMP-0110,2024-07-10,2024-08-13,2024-07-30,PROV-044,SKU-0051,34,33,261.55,8892.7,7.3,1422.83,9666.36,USD,Transferencia,ALM-09,TR-024,Completada,
COMP-0111,2024-07-01,2024-07-06,2024-07-29,PROV-028,SKU-0018,63,58,300.98,18961.74,3.1,3033.88,21407.81,USD,Letra de cambio,ALM-07,TR-021,Completada,Producto dañado
COMP-0112,2024-08-25,2024-09-15,2024-10-08,PROV-031,SKU-0136,85,82,479.45,40753.25,13.2,6520.52,41894.34,EUR,Cheque,ALM-10,TR-012,Parcial,Entrega parcial
COMP-0113,2026-02-21,2026-03-14,2026-03-21,PROV-007,SKU-0057,15,12,483.31,7249.65,13.5,1159.94,7430.89,USD,Crédito,ALM-07,TR-004,Completada,OK
COMP-0114,2024-05-11,2024-06-13,2024-06-13,PROV-021,SKU-0170,15,11,206.41,3096.15,6.0,495.38,3405.76,EUR,Crédito,ALM-01,TR-010,Pendiente,
COMP-0115,2024-11-21,2024-12-20,2024-12-18,PROV-027,SKU-0016,72,69,397.31,28606.32,3.9,4577.01,32067.68,EUR,Cheque,ALM-05,TR-002,Pendiente,OK
COMP-0116,2025-04-03,2025-05-02,2025-04-19,PROV-047,SKU-0057,44,40,336.32,14798.08,0.7,2367.69,17062.18,USD,Letra de cambio,ALM-04,TR-025,Completada,Producto dañado
COMP-0117,2025-01-23,2025-01-31,2025-03-11,PROV-009,SKU-0155,70,68,58.96,4127.2,10.8,660.35,4341.81,USD,Letra de cambio,ALM-02,TR-021,Completada,
COMP-0118,2025-02-09,2025-02-26,2025-03-01,PROV-024,SKU-0138,26,25,493.35,12827.1,12.6,2052.34,13263.23,USD,Contado,ALM-07,TR-007,Completada,
COMP-0119,2025-02-11,2025-03-17,2025-02-15,PROV-003,SKU-0006,97,96,473.16,45896.52,1.5,7343.44,52551.51,USD,Contado,ALM-01,TR-008,Completada,
COMP-0120,2025-02-14,2025-02-25,2025-04-04,PROV-018,SKU-0192,16,14,415.85,6653.6,5.7,1064.58,7338.92,USD,Transferencia,ALM-02,TR-017,Cancelada,
COMP-0121,2026-01-23,2026-03-04,2026-02-19,PROV-001,SKU-0191,70,69,322.19,22553.3,2.3,3608.53,25643.1,CNY,Contado,ALM-06,TR-014,Completada,Entrega parcial
COMP-0122,2025-08-13,2025-09-15,2025-09-08,PROV-018,SKU-0118,26,24,94.86,2466.36,14.5,394.62,2503.36,EUR,Transferencia,ALM-04,TR-014,Pendiente,OK
COMP-0123,2025-05-23,2025-06-20,2025-06-17,PROV-019,SKU-0180,69,65,277.97,19179.93,5.7,3068.79,21155.46,USD,Cheque,ALM-04,TR-019,Completada,Retraso por aduana
COMP-0124,2025-10-20,2025-11-11,2025-11-12,PROV-050,SKU-0060,58,57,216.42,12552.36,8.4,2008.38,13506.34,USD,Transferencia,ALM-09,TR-006,Completada,OK
COMP-0125,2025-04-29,2025-06-04,2025-06-16,PROV-038,SKU-0064,11,7,113.6,1249.6,9.2,199.94,1334.58,USD,Transferencia,ALM-08,TR-009,Cancelada,Entrega parcial
COMP-0126,2025-09-05,2025-10-04,2025-09-07,PROV-048,SKU-0087,20,18,66.43,1328.6,10.3,212.58,1404.33,USD,Letra de cambio,ALM-08,TR-018,Parcial,Producto dañado
COMP-0127,2025-07-22,2025-07-30,2025-07-30,PROV-042,SKU-0061,42,39,257.62,10820.04,7.2,1731.21,11772.21,USD,Cheque,ALM-03,TR-025,Completada,
COMP-0128,2024-04-26,2024-05-01,2024-05-25,PROV-034,SKU-0192,16,13,124.79,1996.64,6.6,319.46,2184.32,USD,Letra de cambio,ALM-08,TR-005,Cancelada,Retraso por aduana
COMP-0129,2025-11-23,2025-12-13,2025-12-28,PROV-001,SKU-0076,16,14,245.97,3935.52,4.4,629.68,4392.04,CNY,Contado,ALM-10,TR-021,Completada,
COMP-0130,2026-01-01,2026-01-27,2026-02-05,PROV-019,SKU-0134,88,84,142.01,12496.88,9.2,1999.5,13346.67,USD,Cheque,ALM-08,TR-007,En tránsito,
COMP-0131,2025-03-02,2025-03-16,2025-03-13,PROV-011,SKU-0135,92,89,423.23,38937.16,0.1,6229.95,45128.17,USD,Transferencia,ALM-05,TR-023,Completada,
COMP-0132,2025-10-01,2025-11-02,2025-11-10,PROV-045,SKU-0025,69,68,256.37,17689.53,1.4,2830.32,20272.2,USD,Contado,ALM-09,TR-008,En tránsito,
COMP-0133,2025-08-21,2025-09-12,2025-09-15,PROV-013,SKU-0071,37,33,419.34,15515.58,13.0,2482.49,15981.04,EUR,Contado,ALM-09,TR-018,Completada,
COMP-0134,2024-09-26,2024-11-04,2024-10-04,PROV-038,SKU-0040,14,13,378.8,5303.2,4.2,848.51,5928.98,CNY,Letra de cambio,ALM-07,TR-011,Pendiente,OK
COMP-0135,2024-04-03,2024-05-15,2024-04-14,PROV-014,SKU-0044,1,0,402.51,402.51,14.8,64.4,407.34,USD,Cheque,ALM-01,TR-011,Completada,
COMP-0136,2024-11-05,2024-12-10,2024-12-25,PROV-009,SKU-0131,57,57,241.43,13761.51,7.1,2201.84,14986.28,USD,Letra de cambio,ALM-07,TR-013,Cancelada,OK
COMP-0137,2025-09-11,2025-09-27,2025-09-23,PROV-023,SKU-0080,67,62,192.64,12906.88,1.2,2065.1,14817.1,USD,Crédito,ALM-07,TR-018,Parcial,OK
COMP-0138,2025-10-29,2025-11-23,2025-11-11,PROV-045,SKU-0065,88,88,104.11,9161.68,13.5,1465.87,9390.72,USD,Cheque,ALM-06,TR-024,Cancelada,
COMP-0139,2026-02-04,2026-02-07,2026-02-18,PROV-040,SKU-0144,25,22,222.11,5552.75,2.7,888.44,6291.27,USD,Letra de cambio,ALM-04,TR-001,Pendiente,Producto dañado
COMP-0140,2024-10-06,2024-10-11,2024-11-18,PROV-007,SKU-0095,33,31,276.26,9116.58,0.2,1458.65,10557.0,EUR,Cheque,ALM-01,TR-023,Pendiente,Entrega parcial
COMP-0141,2025-04-27,2025-06-07,2025-06-08,PROV-041,SKU-0015,74,71,420.5,31117.0,12.9,4978.72,32081.63,EUR,Crédito,ALM-08,TR-024,Completada,
COMP-0142,2026-01-23,2026-02-06,2026-02-02,PROV-024,SKU-0008,79,79,452.42,35741.18,2.3,5718.59,40637.72,EUR,Transferencia,ALM-01,TR-015,Completada,Producto dañado
COMP-0143,2025-09-20,2025-09-24,2025-10-13,PROV-007,SKU-0140,36,31,492.53,17731.08,2.9,2836.97,20053.85,USD,Crédito,ALM-10,TR-024,En tránsito,
COMP-0144,2024-03-07,2024-03-22,2024-04-26,PROV-043,SKU-0104,54,50,426.97,23056.38,10.0,3689.02,24439.76,USD,Contado,ALM-02,TR-006,Parcial,
COMP-0145,2025-10-12,2025-10-15,2025-11-02,PROV-018,SKU-0156,26,24,359.92,9357.92,6.1,1497.27,10284.36,CNY,Contado,ALM-02,TR-011,Parcial,
COMP-0146,2026-01-17,2026-01-25,2026-01-30,PROV-037,SKU-0119,12,10,102.32,1227.84,1.4,196.45,1407.1,CNY,Transferencia,ALM-03,TR-001,Completada,Producto dañado
COMP-0147,2025-11-28,2026-01-11,2025-12-12,PROV-030,SKU-0021,93,88,474.46,44124.78,4.6,7059.96,49155.0,USD,Contado,ALM-01,TR-013,Pendiente,
COMP-0148,2024-07-11,2024-07-31,2024-07-25,PROV-018,SKU-0036,73,72,191.99,14015.27,3.4,2242.44,15781.19,USD,Contado,ALM-08,TR-009,Completada,OK
COMP-0149,2025-04-05,2025-05-18,2025-05-20,PROV-023,SKU-0149,47,46,206.99,9728.53,9.6,1556.56,10351.15,USD,Letra de cambio,ALM-07,TR-005,Completada,Retraso por aduana
COMP-0150,2025-12-17,2026-01-21,2026-01-23,PROV-023,SKU-0166,88,83,408.32,35932.16,3.1,5749.15,40567.41,USD,Transferencia,ALM-09,TR-025,Completada,Entrega parcial
COMP-0151,2025-11-05,2025-12-18,2025-11-18,PROV-014,SKU-0120,34,31,64.15,2181.1,1.7,348.98,2493.0,USD,Cheque,ALM-10,TR-011,En tránsito,Retraso por aduana
COMP-0152,2025-01-02,2025-01-05,2025-01-14,PROV-043,SKU-0151,5,2,195.07,975.35,1.6,156.06,1115.8,EUR,Contado,ALM-06,TR-021,Completada,
COMP-0153,2024-01-23,2024-02-23,2024-03-04,PROV-023,SKU-0079,21,18,260.08,5461.68,2.8,873.87,6182.62,CNY,Letra de cambio,ALM-07,TR-024,Cancelada,OK
COMP-0154,2025-11-25,2025-12-23,2025-12-16,PROV-016,SKU-0065,93,93,217.95,20269.35,5.1,3243.1,22478.71,USD,Letra de cambio,ALM-02,TR-014,Cancelada,Entrega parcial
COMP-0155,2024-11-03,2024-12-14,2024-12-19,PROV-037,SKU-0103,76,72,62.85,4776.6,7.7,764.26,5173.06,USD,Letra de cambio,ALM-03,TR-005,En tránsito,
COMP-0156,2025-02-09,2025-02-22,2025-03-12,PROV-006,SKU-0080,99,99,113.66,11252.34,5.2,1800.37,12467.59,USD,Crédito,ALM-03,TR-010,Pendiente,
COMP-0157,2024-06-06,2024-07-14,2024-07-01,PROV-012,SKU-0061,27,27,246.45,6654.15,10.9,1064.66,6993.51,EUR,Crédito,ALM-06,TR-004,Parcial,Retraso por aduana
COMP-0158,2025-12-24,2026-01-11,2026-02-12,PROV-045,SKU-0055,61,61,350.8,21398.8,12.5,3423.81,22147.76,EUR,Crédito,ALM-06,TR-025,Completada,Retraso por aduana
COMP-0159,2025-03-10,2025-04-20,2025-04-06,PROV-050,SKU-0084,37,33,418.91,15499.67,11.0,2479.95,16274.66,USD,Contado,ALM-08,TR-022,Completada,
COMP-0160,2025-05-28,2025-05-31,2025-07-08,PROV-039,SKU-0046,99,95,155.82,15426.18,5.4,2468.19,17061.36,EUR,Transferencia,ALM-04,TR-005,Parcial,
COMP-0161,2025-10-31,2025-11-14,2025-11-29,PROV-003,SKU-0055,39,38,245.93,9591.27,5.1,1534.6,10636.72,USD,Contado,ALM-07,TR-022,Parcial,
COMP-0162,2024-04-18,2024-05-20,2024-04-25,PROV-017,SKU-0108,23,21,123.59,2842.57,10.2,454.81,3007.44,USD,Cheque,ALM-01,TR-006,En tránsito,
COMP-0163,2025-10-31,2025-12-15,2025-11-27,PROV-037,SKU-0130,50,47,358.83,17941.5,0.2,2870.64,20776.26,USD,Contado,ALM-07,TR-009,Completada,OK
COMP-0164,2025-07-01,2025-07-27,2025-07-10,PROV-033,SKU-0096,100,99,263.1,26310.0,5.0,4209.6,29204.1,EUR,Letra de cambio,ALM-07,TR-022,Completada,
COMP-0165,2025-09-21,2025-10-23,2025-10-20,PROV-001,SKU-0087,91,91,315.57,28716.87,3.0,4594.7,32450.06,EUR,Contado,ALM-01,TR-004,Parcial,OK
COMP-0166,2024-12-11,2025-01-01,2024-12-14,PROV-024,SKU-0013,77,73,358.87,27632.99,3.8,4421.28,31004.22,USD,Crédito,ALM-05,TR-012,Cancelada,
COMP-0167,2024-12-31,2025-01-05,2025-02-05,PROV-029,SKU-0084,39,34,336.19,13111.41,8.9,2097.83,14042.32,EUR,Crédito,ALM-03,TR-003,Completada,
COMP-0168,2024-12-19,2025-01-20,2025-02-03,PROV-047,SKU-0038,82,78,272.05,22308.1,13.4,3569.3,22888.11,USD,Letra de cambio,ALM-10,TR-015,Completada,
COMP-0169,2025-10-15,2025-10-24,2025-11-10,PROV-021,SKU-0096,5,1,116.04,580.2,14.7,92.83,587.74,USD,Contado,ALM-05,TR-014,Cancelada,
COMP-0170,2024-03-22,2024-04-21,2024-03-31,PROV-012,SKU-0192,33,32,374.72,12365.76,11.1,1978.52,12971.68,CNY,Contado,ALM-05,TR-020,Completada,
COMP-0171,2024-10-08,2024-10-22,2024-10-27,PROV-024,SKU-0147,61,57,146.84,8957.24,14.0,1433.16,9136.39,USD,Letra de cambio,ALM-07,TR-006,Pendiente,Entrega parcial
COMP-0172,2024-05-12,2024-06-01,2024-05-31,PROV-001,SKU-0105,27,24,58.42,1577.34,6.2,252.37,1731.91,CNY,Contado,ALM-02,TR-008,Completada,
COMP-0173,2025-12-30,2026-02-09,2026-01-30,PROV-046,SKU-0084,29,25,78.68,2281.72,4.3,365.08,2548.69,EUR,Letra de cambio,ALM-06,TR-018,Cancelada,OK
COMP-0174,2025-03-31,2025-04-12,2025-05-01,PROV-036,SKU-0004,44,39,203.27,8943.88,5.2,1431.02,9909.82,EUR,Crédito,ALM-09,TR-023,Completada,Retraso por aduana
COMP-0175,2024-03-21,2024-05-03,2024-04-23,PROV-017,SKU-0104,5,1,347.31,1736.55,8.6,277.85,1865.06,USD,Transferencia,ALM-04,TR-024,En tránsito,Entrega parcial
COMP-0176,2024-06-08,2024-07-20,2024-07-17,PROV-019,SKU-0193,41,40,253.17,10379.97,7.0,1660.8,11314.17,CNY,Contado,ALM-10,TR-014,Cancelada,
COMP-0177,2025-01-19,2025-02-25,2025-01-29,PROV-049,SKU-0073,72,69,384.82,27707.04,14.8,4433.13,28039.53,CNY,Transferencia,ALM-02,TR-013,Completada,
COMP-0178,2026-03-07,2026-04-04,2026-04-13,PROV-008,SKU-0147,38,35,130.38,4954.44,2.4,792.71,5628.24,USD,Crédito,ALM-07,TR-020,Pendiente,Producto dañado
COMP-0179,2025-10-10,2025-11-22,2025-11-01,PROV-050,SKU-0093,81,77,97.54,7900.74,13.3,1264.12,8114.06,CNY,Letra de cambio,ALM-07,TR-008,Cancelada,OK
COMP-0180,2024-06-30,2024-07-28,2024-07-20,PROV-049,SKU-0119,37,37,421.76,15605.12,6.7,2496.82,17056.4,CNY,Contado,ALM-08,TR-021,Completada,
COMP-0181,2024-07-12,2024-08-24,2024-07-15,PROV-025,SKU-0149,84,80,238.14,20003.76,6.3,3200.6,21944.12,USD,Crédito,ALM-10,TR-020,Completada,Retraso por aduana
COMP-0182,2025-04-28,2025-05-06,2025-05-23,PROV-002,SKU-0084,79,79,162.47,12835.13,8.5,2053.62,13797.76,CNY,Cheque,ALM-09,TR-017,Completada,
COMP-0183,2025-12-30,2026-01-14,2026-01-21,PROV-030,SKU-0095,93,92,443.59,41253.87,2.6,6600.62,46781.89,USD,Transferencia,ALM-01,TR-007,Parcial,OK
COMP-0184,2024-06-30,2024-08-01,2024-08-03,PROV-016,SKU-0176,78,73,249.64,19471.92,3.6,3115.51,21886.44,USD,Letra de cambio,ALM-06,TR-006,Completada,OK
COMP-0185,2025-02-20,2025-03-28,2025-03-24,PROV-047,SKU-0018,1,0,386.87,386.87,10.2,61.9,409.31,USD,Cheque,ALM-05,TR-023,Completada,
COMP-0186,2026-01-12,2026-01-17,2026-02-06,PROV-029,SKU-0124,93,90,76.9,7151.7,12.2,1144.27,7423.46,CNY,Cheque,ALM-07,TR-004,Completada,
COMP-0187,2024-06-22,2024-07-18,2024-07-20,PROV-017,SKU-0195,75,70,389.11,29183.25,1.7,4669.32,33356.45,USD,Crédito,ALM-04,TR-016,Completada,Entrega parcial
COMP-0188,2025-12-27,2026-01-30,2026-02-15,PROV-007,SKU-0085,83,82,362.17,30060.11,6.9,4809.62,32795.58,USD,Contado,ALM-05,TR-023,Parcial,Producto dañado
COMP-0189,2026-02-18,2026-03-01,2026-03-01,PROV-029,SKU-0180,34,30,305.7,10393.8,8.9,1663.01,11131.76,USD,Transferencia,ALM-04,TR-012,En tránsito,Entrega parcial
COMP-0190,2025-12-31,2026-01-31,2026-02-14,PROV-020,SKU-0184,21,19,305.44,6414.24,4.6,1026.28,7145.46,USD,Crédito,ALM-03,TR-020,Pendiente,Retraso por aduana
COMP-0191,2024-11-06,2024-11-18,2024-12-15,PROV-017,SKU-0164,30,30,62.6,1878.0,3.2,300.48,2118.38,USD,Contado,ALM-09,TR-024,Cancelada,OK
COMP-0192,2025-05-28,2025-06-20,2025-07-02,PROV-040,SKU-0044,45,43,339.73,15287.85,8.8,2446.06,16388.58,EUR,Cheque,ALM-03,TR-017,Parcial,
COMP-0193,2024-08-18,2024-09-09,2024-09-02,PROV-031,SKU-0098,2,1,350.94,701.88,1.0,112.3,807.16,USD,Contado,ALM-10,TR-025,Completada,
COMP-0194,2024-01-13,2024-02-18,2024-01-29,PROV-023,SKU-0128,59,54,306.23,18067.57,9.6,2890.81,19223.89,USD,Contado,ALM-01,TR-013,Completada,Producto dañado
COMP-0195,2026-01-29,2026-03-07,2026-02-05,PROV-033,SKU-0018,35,35,298.98,10464.3,8.0,1674.29,11301.45,EUR,Letra de cambio,ALM-09,TR-008,Completada,Entrega parcial
COMP-0196,2024-08-21,2024-09-22,2024-09-03,PROV-048,SKU-0047,89,89,471.35,41950.15,12.9,6712.02,43250.6,CNY,Contado,ALM-09,TR-009,Completada,
COMP-0197,2024-08-21,2024-09-08,2024-09-29,PROV-047,SKU-0017,17,13,285.15,4847.55,0.9,775.61,5579.53,EUR,Cheque,ALM-02,TR-018,Completada,Producto dañado
COMP-0198,2025-05-02,2025-05-17,2025-05-10,PROV-041,SKU-0019,26,22,265.23,6895.98,6.6,1103.36,7544.21,CNY,Crédito,ALM-10,TR-016,Pendiente,
COMP-0199,2025-10-20,2025-11-04,2025-11-28,PROV-038,SKU-0111,15,10,373.99,5609.85,6.6,897.58,6137.18,CNY,Cheque,ALM-01,TR-009,Cancelada,Entrega parcial
COMP-0200,2024-10-17,2024-11-30,2024-11-07,PROV-032,SKU-0162,23,21,197.89,4551.47,7.2,728.24,4952.0,CNY,Crédito,ALM-06,TR-009,Pendiente,OK
COMP-0201,2025-06-05,2025-07-08,2025-07-08,PROV-008,SKU-0194,24,23,269.41,6465.84,4.8,1034.53,7190.01,USD,Transferencia,ALM-07,TR-022,Pendiente,
COMP-0202,2024-07-17,2024-07-26,2024-09-05,PROV-029,SKU-0088,82,81,359.13,29448.66,12.3,4711.79,30538.26,USD,Contado,ALM-09,TR-010,En tránsito,OK
COMP-0203,2025-11-19,2025-12-01,2025-12-11,PROV-007,SKU-0176,39,38,467.4,18228.6,3.2,2916.58,20561.86,USD,Cheque,ALM-03,TR-006,Completada,Producto dañado
COMP-0204,2026-01-13,2026-02-02,2026-01-29,PROV-034,SKU-0122,84,82,317.85,26699.4,6.3,4271.9,29289.24,EUR,Contado,ALM-06,TR-005,Pendiente,Producto dañado
COMP-0205,2025-07-30,2025-08-27,2025-09-18,PROV-047,SKU-0091,96,93,191.91,18423.36,4.6,2947.74,20523.63,USD,Cheque,ALM-01,TR-014,En tránsito,
COMP-0206,2024-08-01,2024-09-15,2024-09-17,PROV-030,SKU-0197,36,34,58.77,2115.72,10.6,338.52,2229.97,USD,Contado,ALM-01,TR-011,Cancelada,Retraso por aduana
COMP-0207,2025-09-24,2025-10-29,2025-10-24,PROV-021,SKU-0143,72,70,382.56,27544.32,12.0,4407.09,28646.09,USD,Transferencia,ALM-04,TR-006,En tránsito,OK
COMP-0208,2026-03-10,2026-04-24,2026-04-05,PROV-047,SKU-0152,61,56,478.42,29183.62,14.2,4669.38,29708.93,EUR,Crédito,ALM-05,TR-020,Cancelada,
COMP-0209,2025-03-24,2025-04-14,2025-04-02,PROV-007,SKU-0015,82,79,204.21,16745.22,8.1,2679.24,18068.1,USD,Transferencia,ALM-06,TR-025,Cancelada,
COMP-0210,2025-03-24,2025-04-11,2025-04-15,PROV-010,SKU-0151,39,35,308.34,12025.26,8.4,1924.04,12939.18,CNY,Contado,ALM-09,TR-017,Pendiente,
COMP-0211,2025-12-29,2026-01-21,2026-01-23,PROV-009,SKU-0198,99,96,80.6,7979.4,11.8,1276.7,8314.53,USD,Crédito,ALM-06,TR-015,Completada,OK
COMP-0212,2024-09-18,2024-10-29,2024-11-06,PROV-024,SKU-0086,26,26,354.95,9228.7,10.6,1476.59,9727.05,USD,Transferencia,ALM-07,TR-014,Cancelada,OK
COMP-0213,2024-01-17,2024-02-25,2024-02-15,PROV-004,SKU-0136,8,8,460.84,3686.72,7.7,589.88,3992.72,CNY,Contado,ALM-09,TR-016,Pendiente,Producto dañado
COMP-0214,2025-07-25,2025-08-04,2025-08-30,PROV-041,SKU-0018,95,94,84.0,7980.0,1.4,1276.8,9145.08,CNY,Transferencia,ALM-10,TR-015,Completada,
COMP-0215,2026-01-26,2026-02-07,2026-03-10,PROV-050,SKU-0176,56,54,417.99,23407.44,7.0,3745.19,25514.11,USD,Crédito,ALM-10,TR-011,Parcial,Retraso por aduana
COMP-0216,2025-02-03,2025-02-07,2025-02-05,PROV-002,SKU-0103,74,73,182.22,13484.28,9.4,2157.48,14374.24,USD,Cheque,ALM-03,TR-009,Completada,Producto dañado
COMP-0217,2025-08-11,2025-09-05,2025-09-27,PROV-035,SKU-0118,84,80,349.43,29352.12,11.5,4696.34,30672.97,USD,Crédito,ALM-03,TR-007,Pendiente,
COMP-0218,2026-03-09,2026-03-20,2026-04-14,PROV-007,SKU-0007,69,67,320.86,22139.34,12.7,3542.29,22869.93,USD,Contado,ALM-06,TR-008,Completada,
COMP-0219,2024-08-10,2024-09-04,2024-08-13,PROV-020,SKU-0042,55,54,495.95,27277.25,3.5,4364.36,30686.91,EUR,Transferencia,ALM-07,TR-001,Parcial,
COMP-0220,2026-02-28,2026-03-27,2026-04-08,PROV-025,SKU-0013,58,58,247.35,14346.3,3.0,2295.41,16211.32,USD,Crédito,ALM-09,TR-019,Completada,
COMP-0221,2025-01-01,2025-01-24,2025-01-29,PROV-049,SKU-0054,16,15,473.31,7572.96,11.1,1211.67,7944.03,USD,Transferencia,ALM-09,TR-012,Parcial,Entrega parcial
COMP-0222,2025-03-06,2025-04-03,2025-03-14,PROV-033,SKU-0029,59,57,57.27,3378.93,5.7,540.63,3726.96,USD,Contado,ALM-02,TR-014,Pendiente,
COMP-0223,2025-04-27,2025-05-01,2025-05-16,PROV-045,SKU-0022,84,79,339.61,28527.24,5.8,4564.36,31437.02,USD,Transferencia,ALM-03,TR-008,Completada,
COMP-0224,2024-02-09,2024-02-15,2024-03-20,PROV-009,SKU-0133,20,19,113.1,2262.0,7.0,361.92,2465.58,USD,Contado,ALM-10,TR-014,Completada,Retraso por aduana
COMP-0225,2025-11-15,2025-11-29,2025-12-10,PROV-012,SKU-0045,67,67,484.39,32454.13,11.1,5192.66,34044.38,USD,Transferencia,ALM-08,TR-007,Pendiente,Retraso por aduana
COMP-0226,2024-01-27,2024-02-20,2024-01-30,PROV-041,SKU-0096,34,31,329.86,11215.24,0.4,1794.44,12964.82,USD,Crédito,ALM-07,TR-002,Cancelada,
COMP-0227,2025-03-05,2025-03-12,2025-03-14,PROV-011,SKU-0026,2,0,206.9,413.8,3.3,66.21,466.35,EUR,Cheque,ALM-09,TR-015,Completada,
COMP-0228,2024-11-26,2025-01-10,2025-01-01,PROV-020,SKU-0122,61,59,454.8,27742.8,3.9,4438.85,31099.68,CNY,Transferencia,ALM-08,TR-016,Completada,
COMP-0229,2025-11-06,2025-11-14,2025-12-25,PROV-015,SKU-0132,17,17,412.45,7011.65,2.1,1121.86,7986.27,EUR,Contado,ALM-10,TR-004,Completada,
COMP-0230,2025-04-18,2025-06-02,2025-05-27,PROV-017,SKU-0048,94,90,346.72,32591.68,4.9,5214.67,36209.36,CNY,Letra de cambio,ALM-05,TR-025,Completada,Producto dañado
COMP-0231,2024-02-05,2024-03-03,2024-03-18,PROV-028,SKU-0096,85,85,115.35,9804.75,11.0,1568.76,10294.99,USD,Crédito,ALM-01,TR-005,Completada,
COMP-0232,2024-12-18,2025-01-02,2025-01-29,PROV-011,SKU-0102,42,38,55.27,2321.34,7.2,371.41,2525.61,EUR,Cheque,ALM-04,TR-015,Pendiente,OK
COMP-0233,2024-12-11,2025-01-04,2024-12-24,PROV-008,SKU-0191,36,34,344.96,12418.56,7.7,1986.97,13449.3,USD,Cheque,ALM-09,TR-015,Completada,Producto dañado
COMP-0234,2025-10-19,2025-10-23,2025-11-24,PROV-049,SKU-0133,34,33,78.4,2665.6,5.5,426.5,2945.49,USD,Crédito,ALM-08,TR-004,Completada,Entrega parcial
COMP-0235,2024-03-25,2024-04-29,2024-04-07,PROV-009,SKU-0089,40,37,253.65,10146.0,8.3,1623.36,10927.24,CNY,Crédito,ALM-03,TR-022,Completada,
COMP-0236,2024-06-04,2024-07-13,2024-07-09,PROV-013,SKU-0188,96,92,209.27,20089.92,9.0,3214.39,21496.22,USD,Letra de cambio,ALM-06,TR-018,Completada,
COMP-0237,2025-09-25,2025-10-12,2025-11-14,PROV-024,SKU-0041,13,8,356.18,4630.34,9.5,740.85,4931.31,USD,Letra de cambio,ALM-10,TR-014,Completada,Entrega parcial
COMP-0238,2025-03-07,2025-04-09,2025-04-07,PROV-004,SKU-0103,38,36,225.4,8565.2,7.8,1370.43,9267.54,USD,Contado,ALM-01,TR-003,Pendiente,Entrega parcial
COMP-0239,2026-02-12,2026-03-13,2026-02-22,PROV-014,SKU-0188,79,78,317.29,25065.91,1.0,4010.55,28825.8,EUR,Crédito,ALM-04,TR-013,Completada,Retraso por aduana
COMP-0240,2024-08-19,2024-09-08,2024-08-29,PROV-026,SKU-0152,25,22,161.86,4046.5,5.3,647.44,4479.48,USD,Letra de cambio,ALM-03,TR-007,Parcial,
COMP-0241,2025-06-17,2025-07-09,2025-07-22,PROV-044,SKU-0071,98,98,197.36,19341.28,9.6,3094.6,20579.12,CNY,Cheque,ALM-04,TR-022,Parcial,Entrega parcial
COMP-0242,2026-02-11,2026-03-07,2026-03-02,PROV-008,SKU-0139,96,96,324.52,31153.92,2.3,4984.63,35422.01,EUR,Contado,ALM-02,TR-021,Parcial,Retraso por aduana
COMP-0243,2026-02-15,2026-03-08,2026-03-03,PROV-038,SKU-0044,91,87,361.15,32864.65,11.9,5258.34,34212.1,USD,Transferencia,ALM-10,TR-020,En tránsito,
COMP-0244,2025-10-15,2025-10-24,2025-11-03,PROV-043,SKU-0127,90,85,483.46,43511.4,6.3,6961.82,47732.0,USD,Contado,ALM-09,TR-011,Cancelada,Entrega parcial
COMP-0245,2024-09-05,2024-10-15,2024-10-08,PROV-023,SKU-0022,2,1,95.51,191.02,12.1,30.56,198.47,CNY,Cheque,ALM-05,TR-004,Parcial,Retraso por aduana
COMP-0246,2025-08-27,2025-10-10,2025-09-04,PROV-039,SKU-0133,86,82,222.16,19105.76,9.0,3056.92,20443.16,USD,Transferencia,ALM-04,TR-012,Cancelada,Retraso por aduana
COMP-0247,2025-04-16,2025-05-25,2025-05-21,PROV-046,SKU-0191,6,6,206.29,1237.74,11.8,198.04,1289.73,EUR,Cheque,ALM-01,TR-007,Completada,
COMP-0248,2024-01-30,2024-03-02,2024-02-17,PROV-041,SKU-0085,13,11,181.52,2359.76,6.2,377.56,2591.01,USD,Contado,ALM-04,TR-009,Parcial,
COMP-0249,2024-06-13,2024-06-29,2024-07-20,PROV-021,SKU-0118,90,86,495.94,44634.6,3.9,7141.54,50035.39,USD,Cheque,ALM-06,TR-025,Completada,OK
COMP-0250,2024-08-21,2024-09-13,2024-09-11,PROV-006,SKU-0086,46,46,327.38,15059.48,11.1,2409.52,15797.4,USD,Cheque,ALM-06,TR-020,Parcial,
COMP-0251,2024-12-25,2025-01-18,2025-01-24,PROV-049,SKU-0098,26,24,169.11,4396.86,10.6,703.5,4634.29,USD,Crédito,ALM-06,TR-001,Completada,
COMP-0252,2026-02-13,2026-03-23,2026-03-21,PROV-038,SKU-0080,65,64,365.1,23731.5,8.4,3797.04,25535.09,EUR,Letra de cambio,ALM-02,TR-007,Completada,
COMP-0253,2026-01-03,2026-01-27,2026-02-08,PROV-046,SKU-0154,85,83,232.09,19727.65,4.0,3156.42,22094.96,EUR,Crédito,ALM-07,TR-004,Pendiente,
COMP-0254,2024-06-07,2024-07-22,2024-06-26,PROV-021,SKU-0058,57,57,421.76,24040.32,3.7,3846.45,26997.28,EUR,Crédito,ALM-04,TR-008,Completada,OK
COMP-0255,2024-01-22,2024-03-04,2024-02-23,PROV-042,SKU-0056,19,16,55.59,1056.21,3.7,168.99,1186.12,EUR,Letra de cambio,ALM-09,TR-019,Completada,Retraso por aduana
COMP-0256,2025-01-31,2025-02-19,2025-03-19,PROV-012,SKU-0133,75,73,229.83,17237.25,8.6,2757.96,18512.81,USD,Cheque,ALM-06,TR-012,Completada,Producto dañado
COMP-0257,2025-12-20,2026-01-07,2026-01-25,PROV-035,SKU-0092,10,6,481.14,4811.4,2.0,769.82,5484.99,USD,Transferencia,ALM-09,TR-023,Parcial,Producto dañado
COMP-0258,2025-10-22,2025-11-29,2025-11-07,PROV-007,SKU-0155,30,27,374.05,11221.5,10.8,1795.44,11805.02,USD,Letra de cambio,ALM-01,TR-015,Parcial,OK
COMP-0259,2025-07-27,2025-08-27,2025-09-02,PROV-038,SKU-0112,9,4,478.92,4310.28,2.6,689.64,4887.85,USD,Contado,ALM-08,TR-023,Completada,
COMP-0260,2024-09-15,2024-09-19,2024-11-01,PROV-044,SKU-0091,9,5,479.63,4316.67,4.1,690.67,4830.36,EUR,Cheque,ALM-03,TR-013,Completada,OK
COMP-0261,2025-08-06,2025-09-10,2025-09-03,PROV-020,SKU-0138,90,89,353.6,31824.0,5.0,5091.84,35324.64,CNY,Letra de cambio,ALM-06,TR-001,Completada,Producto dañado
COMP-0262,2025-06-26,2025-07-25,2025-08-13,PROV-038,SKU-0031,100,99,489.81,48981.0,9.2,7836.96,52311.71,USD,Crédito,ALM-10,TR-025,Completada,
COMP-0263,2024-04-06,2024-05-04,2024-05-14,PROV-002,SKU-0167,64,59,377.9,24185.6,5.0,3869.7,26846.02,EUR,Cheque,ALM-07,TR-023,Parcial,
COMP-0264,2025-03-16,2025-04-04,2025-04-18,PROV-022,SKU-0047,13,13,190.04,2470.52,2.7,395.28,2799.1,USD,Contado,ALM-07,TR-007,Completada,Producto dañado
COMP-0265,2025-06-20,2025-07-09,2025-06-23,PROV-042,SKU-0163,11,7,202.87,2231.57,11.3,357.05,2336.45,USD,Letra de cambio,ALM-01,TR-022,En tránsito,
COMP-0266,2024-11-09,2024-11-13,2024-12-17,PROV-011,SKU-0001,68,64,55.66,3784.88,4.9,605.58,4205.0,USD,Transferencia,ALM-03,TR-007,Parcial,
COMP-0267,2024-06-07,2024-07-18,2024-07-02,PROV-035,SKU-0056,45,41,93.63,4213.35,10.2,674.14,4457.73,USD,Cheque,ALM-03,TR-017,Completada,OK
COMP-0268,2024-05-03,2024-05-25,2024-05-23,PROV-002,SKU-0160,5,5,470.88,2354.4,13.3,376.7,2417.96,USD,Crédito,ALM-10,TR-017,Completada,
COMP-0269,2024-12-11,2025-01-12,2025-01-24,PROV-032,SKU-0050,78,74,119.86,9349.08,9.2,1495.85,9984.81,EUR,Cheque,ALM-02,TR-022,Completada,Producto dañado
COMP-0270,2024-07-11,2024-08-08,2024-07-15,PROV-016,SKU-0094,19,17,157.75,2997.25,12.3,479.56,3108.15,USD,Cheque,ALM-10,TR-004,Completada,Producto dañado
COMP-0271,2026-02-14,2026-03-23,2026-03-29,PROV-034,SKU-0145,74,73,365.99,27083.26,7.8,4333.32,29304.09,USD,Contado,ALM-03,TR-015,Completada,Entrega parcial
COMP-0272,2024-01-25,2024-02-28,2024-02-02,PROV-041,SKU-0110,52,50,245.81,12782.12,1.2,2045.14,14673.87,CNY,Cheque,ALM-10,TR-013,Pendiente,OK
COMP-0273,2024-02-12,2024-02-27,2024-02-19,PROV-050,SKU-0074,99,97,357.82,35424.18,0.8,5667.87,40808.66,CNY,Letra de cambio,ALM-09,TR-006,En tránsito,
COMP-0274,2024-12-26,2025-02-01,2024-12-31,PROV-035,SKU-0008,7,2,485.05,3395.35,5.8,543.26,3741.68,EUR,Letra de cambio,ALM-09,TR-006,En tránsito,
COMP-0275,2025-12-30,2026-01-22,2026-01-05,PROV-014,SKU-0026,59,54,477.48,28171.32,13.4,4507.41,28903.77,USD,Cheque,ALM-04,TR-019,Completada,
COMP-0276,2024-09-03,2024-10-18,2024-09-26,PROV-025,SKU-0053,89,88,102.35,9109.15,4.4,1457.46,10165.81,EUR,Crédito,ALM-06,TR-013,Completada,
COMP-0277,2025-03-08,2025-04-16,2025-04-24,PROV-010,SKU-0154,32,27,329.79,10553.28,3.9,1688.52,11830.22,USD,Crédito,ALM-05,TR-014,Completada,Retraso por aduana
COMP-0278,2026-03-08,2026-04-11,2026-03-26,PROV-027,SKU-0097,36,32,429.19,15450.84,2.8,2472.13,17490.35,USD,Cheque,ALM-01,TR-023,Parcial,
COMP-0279,2024-06-11,2024-07-15,2024-06-17,PROV-043,SKU-0177,29,28,81.74,2370.46,1.7,379.27,2709.43,CNY,Contado,ALM-03,TR-024,Pendiente,Retraso por aduana
COMP-0280,2024-04-21,2024-05-01,2024-05-18,PROV-019,SKU-0138,37,36,178.12,6590.44,8.6,1054.47,7078.13,USD,Letra de cambio,ALM-08,TR-007,Completada,
COMP-0281,2025-02-01,2025-02-15,2025-02-08,PROV-031,SKU-0123,14,9,100.13,1401.82,0.6,224.29,1617.7,USD,Crédito,ALM-07,TR-020,En tránsito,OK
COMP-0282,2025-05-30,2025-06-14,2025-06-14,PROV-048,SKU-0037,57,52,318.65,18163.05,0.6,2906.09,20960.16,USD,Transferencia,ALM-10,TR-001,Completada,Producto dañado
COMP-0283,2024-02-27,2024-03-26,2024-03-24,PROV-017,SKU-0045,45,44,257.92,11606.4,13.5,1857.02,11896.56,USD,Letra de cambio,ALM-02,TR-008,Completada,
COMP-0284,2024-03-12,2024-03-30,2024-04-21,PROV-022,SKU-0169,93,89,247.49,23016.57,13.1,3682.65,23684.05,USD,Letra de cambio,ALM-03,TR-005,En tránsito,
COMP-0285,2025-09-25,2025-10-08,2025-11-12,PROV-008,SKU-0176,9,7,234.47,2110.23,8.0,337.64,2279.05,USD,Transferencia,ALM-03,TR-004,Completada,
COMP-0286,2025-08-03,2025-08-13,2025-08-19,PROV-025,SKU-0001,73,68,76.29,5569.17,5.8,891.07,6137.23,USD,Letra de cambio,ALM-09,TR-003,Completada,OK
COMP-0287,2025-04-05,2025-04-23,2025-05-20,PROV-037,SKU-0166,50,47,177.11,8855.5,9.2,1416.88,9457.67,CNY,Contado,ALM-06,TR-021,Parcial,OK
COMP-0288,2024-10-20,2024-12-02,2024-12-07,PROV-010,SKU-0117,69,68,445.75,30756.75,3.4,4921.08,34632.1,EUR,Contado,ALM-03,TR-012,Completada,Retraso por aduana
COMP-0289,2025-07-08,2025-07-25,2025-08-04,PROV-020,SKU-0037,6,5,256.97,1541.82,10.7,246.69,1623.54,USD,Crédito,ALM-07,TR-014,Cancelada,OK
COMP-0290,2024-12-11,2025-01-03,2025-01-24,PROV-047,SKU-0116,57,54,478.57,27278.49,7.0,4364.56,29733.56,USD,Letra de cambio,ALM-04,TR-008,Completada,
COMP-0291,2025-04-19,2025-05-27,2025-06-08,PROV-037,SKU-0050,94,91,346.7,32589.8,9.3,5214.37,34773.32,USD,Contado,ALM-04,TR-013,Completada,OK
COMP-0292,2026-03-04,2026-04-15,2026-04-01,PROV-007,SKU-0139,84,84,253.54,21297.36,13.6,3407.58,21808.5,USD,Crédito,ALM-06,TR-018,Completada,Retraso por aduana
COMP-0293,2024-07-30,2024-08-26,2024-09-06,PROV-034,SKU-0111,24,19,474.44,11386.56,0.4,1821.85,13162.86,USD,Contado,ALM-10,TR-025,Completada,Retraso por aduana
COMP-0294,2026-01-26,2026-02-06,2026-03-17,PROV-037,SKU-0051,20,17,235.08,4701.6,7.0,752.26,5124.75,USD,Letra de cambio,ALM-10,TR-017,Completada,
COMP-0295,2024-02-24,2024-03-19,2024-03-02,PROV-005,SKU-0022,3,1,53.9,161.7,12.9,25.87,166.71,USD,Crédito,ALM-03,TR-007,Pendiente,
COMP-0296,2025-05-01,2025-05-25,2025-06-17,PROV-024,SKU-0160,41,40,312.55,12814.55,12.4,2050.33,13275.88,USD,Contado,ALM-02,TR-018,Completada,
COMP-0297,2024-06-11,2024-07-19,2024-07-18,PROV-011,SKU-0107,16,11,289.54,4632.64,9.3,741.22,4943.02,EUR,Contado,ALM-04,TR-004,Completada,OK
COMP-0298,2025-01-23,2025-02-25,2025-02-04,PROV-007,SKU-0194,6,6,111.02,666.12,5.7,106.58,734.73,CNY,Contado,ALM-08,TR-019,Completada,OK
COMP-0299,2024-03-28,2024-04-23,2024-04-03,PROV-002,SKU-0126,86,85,305.05,26234.3,13.3,4197.49,26942.63,USD,Letra de cambio,ALM-05,TR-022,Cancelada,
COMP-0300,2025-12-29,2026-01-06,2026-01-22,PROV-008,SKU-0172,26,22,482.71,12550.46,4.8,2008.07,13956.11,EUR,Transferencia,ALM-10,TR-019,Cancelada,
COMP-0301,2024-01-25,2024-02-28,2024-02-16,PROV-024,SKU-0065,25,24,281.04,7026.0,14.7,1124.16,7117.34,USD,Crédito,ALM-05,TR-009,Parcial,Retraso por aduana
COMP-0302,2025-04-14,2025-05-29,2025-04-21,PROV-022,SKU-0011,35,33,387.5,13562.5,11.4,2170.0,14186.38,CNY,Transferencia,ALM-03,TR-020,Completada,
COMP-0303,2024-02-06,2024-02-26,2024-03-23,PROV-020,SKU-0098,26,23,457.04,11883.04,5.7,1901.29,13107.0,USD,Contado,ALM-09,TR-014,Cancelada,Producto dañado
COMP-0304,2024-10-15,2024-11-04,2024-10-22,PROV-009,SKU-0089,93,90,167.71,15597.03,2.9,2495.52,17640.24,USD,Contado,ALM-09,TR-004,Completada,
COMP-0305,2024-06-06,2024-07-15,2024-06-23,PROV-049,SKU-0028,32,32,83.49,2671.68,5.6,427.47,2949.54,USD,Transferencia,ALM-01,TR-024,En tránsito,
COMP-0306,2025-10-08,2025-11-01,2025-11-21,PROV-010,SKU-0150,81,81,484.54,39247.74,14.5,6279.64,39836.46,CNY,Transferencia,ALM-01,TR-023,Completada,
COMP-0307,2024-01-04,2024-02-03,2024-02-18,PROV-048,SKU-0021,24,23,91.27,2190.48,14.3,350.48,2227.72,USD,Transferencia,ALM-02,TR-013,En tránsito,
COMP-0308,2024-07-09,2024-08-11,2024-07-29,PROV-031,SKU-0051,91,86,494.57,45005.87,9.1,7200.94,48111.28,CNY,Transferencia,ALM-08,TR-006,Completada,
COMP-0309,2024-07-12,2024-07-22,2024-08-27,PROV-012,SKU-0051,34,34,114.75,3901.5,8.1,624.24,4209.72,USD,Crédito,ALM-06,TR-025,Completada,
COMP-0310,2025-10-17,2025-11-07,2025-11-01,PROV-026,SKU-0163,76,73,183.52,13947.52,6.2,2231.6,15314.37,USD,Contado,ALM-04,TR-017,Completada,Entrega parcial
COMP-0311,2024-12-18,2024-12-24,2025-01-28,PROV-019,SKU-0194,21,18,79.09,1660.89,0.9,265.74,1911.68,USD,Cheque,ALM-01,TR-024,Completada,Producto dañado
COMP-0312,2024-03-08,2024-04-16,2024-03-26,PROV-038,SKU-0198,47,42,364.13,17114.11,9.1,2738.26,18294.99,USD,Cheque,ALM-06,TR-024,Parcial,Producto dañado
COMP-0313,2026-02-01,2026-02-16,2026-02-17,PROV-032,SKU-0077,98,94,270.09,26468.82,8.2,4235.01,28533.39,USD,Transferencia,ALM-06,TR-014,Parcial,OK
COMP-0314,2024-06-05,2024-06-17,2024-07-24,PROV-021,SKU-0104,60,57,440.91,26454.6,7.0,4232.74,28835.52,EUR,Transferencia,ALM-03,TR-011,Cancelada,
COMP-0315,2024-06-25,2024-07-07,2024-08-03,PROV-026,SKU-0094,2,1,245.47,490.94,12.3,78.55,509.1,USD,Transferencia,ALM-01,TR-013,Parcial,
COMP-0316,2024-11-06,2024-12-14,2024-11-25,PROV-018,SKU-0087,26,25,59.76,1553.76,5.9,248.6,1710.69,USD,Cheque,ALM-10,TR-024,Parcial,Retraso por aduana
COMP-0317,2024-04-18,2024-04-25,2024-05-10,PROV-028,SKU-0041,63,58,486.09,30623.67,0.9,4899.79,35247.85,EUR,Letra de cambio,ALM-05,TR-005,Completada,OK
COMP-0318,2024-06-11,2024-07-05,2024-07-23,PROV-014,SKU-0107,63,61,55.84,3517.92,4.6,562.87,3918.97,CNY,Cheque,ALM-10,TR-004,Completada,Entrega parcial
COMP-0319,2025-01-13,2025-02-21,2025-02-14,PROV-022,SKU-0186,48,48,413.21,19834.08,13.0,3173.45,20429.1,USD,Cheque,ALM-06,TR-014,Completada,
COMP-0320,2025-10-11,2025-11-13,2025-10-30,PROV-021,SKU-0177,30,26,459.57,13787.1,13.5,2205.94,14131.78,USD,Letra de cambio,ALM-06,TR-023,Completada,
COMP-0321,2025-08-30,2025-10-11,2025-09-16,PROV-021,SKU-0162,74,73,487.01,36038.74,3.4,5766.2,40579.62,EUR,Letra de cambio,ALM-08,TR-001,En tránsito,
COMP-0322,2025-05-17,2025-06-18,2025-06-26,PROV-025,SKU-0193,19,14,330.62,6281.78,1.2,1005.08,7211.48,USD,Transferencia,ALM-08,TR-013,Completada,Entrega parcial
COMP-0323,2024-09-09,2024-09-26,2024-10-21,PROV-046,SKU-0037,47,47,431.5,20280.5,0.9,3244.88,23342.86,USD,Contado,ALM-10,TR-016,Completada,Entrega parcial
COMP-0324,2025-10-23,2025-11-07,2025-12-02,PROV-021,SKU-0125,41,37,322.15,13208.15,8.0,2113.3,14264.8,USD,Contado,ALM-01,TR-024,Completada,Entrega parcial
COMP-0325,2024-11-01,2024-11-20,2024-11-16,PROV-016,SKU-0097,55,54,365.29,20090.95,12.8,3214.55,20733.86,USD,Transferencia,ALM-01,TR-021,Cancelada,
COMP-0326,2025-10-02,2025-10-29,2025-11-08,PROV-024,SKU-0120,100,99,459.41,45941.0,2.2,7350.56,52280.86,CNY,Cheque,ALM-06,TR-004,Pendiente,OK
COMP-0327,2025-08-23,2025-09-03,2025-09-14,PROV-018,SKU-0051,91,91,322.94,29387.54,4.3,4702.01,32825.89,USD,Transferencia,ALM-06,TR-018,Parcial,Producto dañado
COMP-0328,2025-03-20,2025-05-03,2025-04-11,PROV-010,SKU-0081,93,90,218.76,20344.68,0.4,3255.15,23518.45,USD,Contado,ALM-10,TR-025,Completada,Entrega parcial
COMP-0329,2024-02-27,2024-03-09,2024-03-31,PROV-021,SKU-0145,97,97,305.84,29666.48,13.2,4746.64,30497.14,USD,Crédito,ALM-03,TR-004,Completada,
COMP-0330,2025-02-26,2025-03-22,2025-04-17,PROV-006,SKU-0194,47,47,487.54,22914.38,5.1,3666.3,25412.05,EUR,Cheque,ALM-09,TR-002,Cancelada,Retraso por aduana
COMP-0331,2025-04-04,2025-04-17,2025-04-13,PROV-045,SKU-0040,71,69,420.28,29839.88,12.2,4774.38,30973.79,USD,Crédito,ALM-01,TR-021,Completada,
COMP-0332,2026-02-15,2026-03-04,2026-02-26,PROV-042,SKU-0179,29,28,265.41,7696.89,0.6,1231.5,8882.21,CNY,Contado,ALM-06,TR-013,Cancelada,
COMP-0333,2025-12-14,2026-01-12,2026-01-20,PROV-033,SKU-0196,38,38,271.5,10317.0,10.0,1650.72,10936.02,USD,Crédito,ALM-10,TR-002,Completada,
COMP-0334,2025-01-11,2025-02-15,2025-01-23,PROV-038,SKU-0126,1,0,207.22,207.22,1.2,33.16,237.89,USD,Crédito,ALM-09,TR-001,Pendiente,Entrega parcial
COMP-0335,2026-02-11,2026-03-24,2026-03-01,PROV-036,SKU-0096,66,64,224.79,14836.14,12.5,2373.78,15355.4,USD,Contado,ALM-05,TR-013,Completada,Entrega parcial
COMP-0336,2025-06-08,2025-07-06,2025-06-23,PROV-029,SKU-0008,58,57,321.52,18648.16,9.8,2983.71,19804.35,USD,Transferencia,ALM-07,TR-004,Completada,
COMP-0337,2025-11-21,2025-12-07,2025-12-30,PROV-049,SKU-0146,95,93,386.27,36695.65,12.5,5871.3,37979.99,USD,Cheque,ALM-01,TR-021,Completada,Entrega parcial
COMP-0338,2024-07-04,2024-07-28,2024-07-19,PROV-014,SKU-0131,4,1,189.46,757.84,3.2,121.25,854.84,EUR,Contado,ALM-08,TR-013,Completada,OK
COMP-0339,2024-09-11,2024-09-18,2024-10-22,PROV-031,SKU-0144,77,77,178.4,13736.8,14.8,2197.89,13901.64,USD,Transferencia,ALM-10,TR-002,Completada,Entrega parcial
COMP-0340,2024-06-12,2024-06-21,2024-06-17,PROV-001,SKU-0078,57,55,221.64,12633.48,8.5,2021.36,13580.99,USD,Crédito,ALM-07,TR-024,En tránsito,
COMP-0341,2024-05-02,2024-05-24,2024-05-13,PROV-018,SKU-0107,84,82,60.08,5046.72,11.6,807.48,5268.78,EUR,Crédito,ALM-02,TR-021,Completada,OK
COMP-0342,2025-08-16,2025-09-23,2025-09-04,PROV-012,SKU-0004,15,13,88.74,1331.1,3.5,212.98,1497.49,USD,Letra de cambio,ALM-08,TR-003,Completada,
COMP-0343,2025-03-18,2025-04-19,2025-04-15,PROV-005,SKU-0102,87,86,219.84,19126.08,0.6,3060.17,22071.49,USD,Letra de cambio,ALM-01,TR-022,Completada,Entrega parcial
COMP-0344,2024-01-25,2024-03-10,2024-02-13,PROV-046,SKU-0073,93,92,265.63,24703.59,12.0,3952.57,25691.73,USD,Cheque,ALM-01,TR-021,Completada,Retraso por aduana
COMP-0345,2026-01-30,2026-02-05,2026-02-19,PROV-036,SKU-0180,63,61,406.38,25601.94,10.7,4096.31,26958.84,USD,Letra de cambio,ALM-06,TR-015,Parcial,
COMP-0346,2024-11-24,2025-01-06,2024-12-18,PROV-024,SKU-0169,48,45,376.79,18085.92,8.1,2893.75,19514.71,USD,Letra de cambio,ALM-07,TR-012,Parcial,Producto dañado
COMP-0347,2025-05-21,2025-06-27,2025-06-18,PROV-050,SKU-0075,19,17,416.4,7911.6,11.3,1265.86,8283.45,EUR,Transferencia,ALM-10,TR-009,Completada,Producto dañado
COMP-0348,2025-11-27,2025-12-10,2025-12-01,PROV-023,SKU-0166,60,58,252.85,15171.0,8.1,2427.36,16369.51,CNY,Crédito,ALM-10,TR-011,Completada,
COMP-0349,2024-04-24,2024-05-29,2024-05-30,PROV-014,SKU-0178,51,51,86.78,4425.78,6.3,708.12,4855.08,CNY,Transferencia,ALM-10,TR-001,Pendiente,
COMP-0350,2024-04-29,2024-05-22,2024-06-16,PROV-048,SKU-0059,88,86,369.39,32506.32,5.0,5201.01,36082.01,CNY,Cheque,ALM-09,TR-022,Cancelada,
COMP-0351,2024-04-18,2024-05-05,2024-05-30,PROV-037,SKU-0090,96,91,233.6,22425.6,11.3,3588.1,23479.61,EUR,Crédito,ALM-04,TR-023,Completada,
COMP-0352,2026-02-12,2026-03-12,2026-03-05,PROV-032,SKU-0037,10,9,362.72,3627.2,4.6,580.35,4040.7,CNY,Transferencia,ALM-04,TR-001,Completada,
COMP-0353,2024-03-14,2024-03-21,2024-04-01,PROV-019,SKU-0031,27,24,133.57,3606.39,11.6,577.02,3765.07,USD,Cheque,ALM-06,TR-022,Cancelada,
COMP-0354,2024-11-07,2024-12-07,2024-12-18,PROV-045,SKU-0153,39,35,204.43,7972.77,5.6,1275.64,8801.93,EUR,Letra de cambio,ALM-10,TR-002,Parcial,
COMP-0355,2025-01-27,2025-03-05,2025-02-04,PROV-032,SKU-0082,45,42,63.97,2878.65,10.5,460.58,3036.97,CNY,Letra de cambio,ALM-06,TR-022,Parcial,
COMP-0356,2024-09-15,2024-10-22,2024-09-22,PROV-025,SKU-0010,63,63,391.57,24668.91,1.3,3947.03,28295.24,USD,Transferencia,ALM-08,TR-013,En tránsito,
COMP-0357,2025-12-21,2026-01-21,2026-01-05,PROV-039,SKU-0121,5,1,195.29,976.45,8.3,156.23,1051.63,EUR,Transferencia,ALM-01,TR-022,Completada,
COMP-0358,2025-12-14,2026-01-22,2026-01-09,PROV-033,SKU-0114,9,5,275.93,2483.37,6.9,397.34,2709.36,USD,Contado,ALM-10,TR-004,Parcial,
COMP-0359,2025-03-12,2025-03-22,2025-04-26,PROV-029,SKU-0076,21,20,67.92,1426.32,9.0,228.21,1526.16,USD,Crédito,ALM-08,TR-016,Completada,
COMP-0360,2026-03-02,2026-03-29,2026-03-06,PROV-025,SKU-0199,96,94,413.06,39653.76,13.6,6344.6,40605.45,USD,Crédito,ALM-06,TR-022,Parcial,
COMP-0361,2024-06-17,2024-06-28,2024-06-27,PROV-046,SKU-0114,90,85,476.62,42895.8,1.7,6863.33,49029.9,CNY,Letra de cambio,ALM-01,TR-015,Parcial,Producto dañado
COMP-0362,2025-01-12,2025-02-24,2025-02-17,PROV-045,SKU-0111,3,3,368.78,1106.34,13.5,177.01,1133.99,EUR,Cheque,ALM-01,TR-009,Cancelada,Retraso por aduana
COMP-0363,2025-01-01,2025-02-03,2025-01-28,PROV-005,SKU-0017,12,8,168.25,2019.0,14.2,323.04,2055.34,USD,Crédito,ALM-02,TR-001,Completada,
COMP-0364,2025-07-13,2025-08-08,2025-08-19,PROV-037,SKU-0048,86,84,138.43,11904.98,9.9,1904.8,12631.19,EUR,Transferencia,ALM-03,TR-019,Cancelada,
COMP-0365,2026-02-03,2026-03-03,2026-02-05,PROV-036,SKU-0011,30,28,141.1,4233.0,4.5,677.28,4719.8,USD,Letra de cambio,ALM-01,TR-004,Pendiente,
COMP-0366,2024-08-06,2024-08-21,2024-09-19,PROV-020,SKU-0036,41,38,464.33,19037.53,12.9,3046.0,19627.69,EUR,Cheque,ALM-04,TR-004,Completada,Retraso por aduana
COMP-0367,2024-05-29,2024-07-13,2024-06-08,PROV-036,SKU-0163,81,77,293.63,23784.03,12.1,3805.44,24711.6,USD,Transferencia,ALM-08,TR-017,Completada,
COMP-0368,2024-08-18,2024-09-06,2024-09-15,PROV-016,SKU-0161,97,97,236.08,22899.76,9.4,3663.96,24411.14,EUR,Transferencia,ALM-06,TR-025,Cancelada,
COMP-0369,2025-09-12,2025-09-29,2025-10-31,PROV-013,SKU-0172,93,92,468.85,43603.05,5.9,6976.49,48006.96,EUR,Letra de cambio,ALM-09,TR-014,Completada,
COMP-0370,2025-09-06,2025-09-10,2025-10-04,PROV-039,SKU-0134,37,37,273.71,10127.27,1.1,1620.36,11636.23,CNY,Transferencia,ALM-03,TR-025,Completada,Producto dañado
COMP-0371,2024-12-15,2025-01-06,2025-01-20,PROV-018,SKU-0101,36,32,259.03,9325.08,12.1,1492.01,9688.76,USD,Contado,ALM-08,TR-017,Parcial,Retraso por aduana
COMP-0372,2025-09-11,2025-10-22,2025-10-25,PROV-049,SKU-0177,76,72,362.86,27577.36,13.9,4412.38,28156.49,USD,Cheque,ALM-06,TR-003,Parcial,Producto dañado
COMP-0373,2024-10-01,2024-10-21,2024-10-21,PROV-035,SKU-0133,79,75,334.11,26394.69,3.8,4223.15,29614.84,CNY,Crédito,ALM-06,TR-011,Completada,
COMP-0374,2025-02-25,2025-03-17,2025-03-15,PROV-023,SKU-0079,25,21,421.58,10539.5,7.8,1686.32,11403.74,EUR,Crédito,ALM-10,TR-005,Pendiente,
COMP-0375,2024-07-28,2024-08-29,2024-09-05,PROV-044,SKU-0176,47,43,370.68,17421.96,8.3,2787.51,18763.45,USD,Transferencia,ALM-05,TR-021,Completada,
COMP-0376,2025-05-23,2025-06-18,2025-06-09,PROV-039,SKU-0163,44,41,132.39,5825.16,9.7,932.03,6192.15,EUR,Contado,ALM-10,TR-015,En tránsito,
COMP-0377,2025-07-17,2025-08-14,2025-07-19,PROV-017,SKU-0156,10,10,163.64,1636.4,14.5,261.82,1660.94,USD,Contado,ALM-08,TR-015,Pendiente,Retraso por aduana
COMP-0378,2025-05-16,2025-06-26,2025-05-24,PROV-013,SKU-0069,7,4,491.71,3441.97,9.4,550.72,3669.14,EUR,Cheque,ALM-06,TR-004,Completada,
COMP-0379,2024-03-12,2024-04-01,2024-03-20,PROV-008,SKU-0093,98,94,410.58,40236.84,0.8,6437.89,46352.84,CNY,Contado,ALM-03,TR-004,Cancelada,
COMP-0380,2025-10-01,2025-10-21,2025-10-21,PROV-003,SKU-0170,73,70,76.95,5617.35,1.7,898.78,6420.64,USD,Crédito,ALM-04,TR-020,Pendiente,Producto dañado
COMP-0381,2024-08-13,2024-08-26,2024-09-08,PROV-016,SKU-0039,3,2,299.17,897.51,4.8,143.6,998.03,CNY,Letra de cambio,ALM-01,TR-006,Completada,Entrega parcial
COMP-0382,2024-09-04,2024-10-06,2024-10-15,PROV-032,SKU-0032,13,12,160.79,2090.27,6.1,334.44,2297.2,USD,Crédito,ALM-05,TR-004,Completada,
COMP-0383,2025-01-30,2025-03-02,2025-02-14,PROV-043,SKU-0079,56,55,310.84,17407.04,9.0,2785.13,18625.54,USD,Transferencia,ALM-07,TR-023,Parcial,OK
COMP-0384,2024-01-24,2024-03-01,2024-03-14,PROV-010,SKU-0190,50,48,432.76,21638.0,11.3,3462.08,22654.99,USD,Cheque,ALM-07,TR-017,En tránsito,Producto dañado
COMP-0385,2025-09-13,2025-09-29,2025-10-08,PROV-002,SKU-0128,65,64,327.04,21257.6,12.6,3401.22,21980.36,USD,Letra de cambio,ALM-07,TR-006,Cancelada,
COMP-0386,2024-10-24,2024-11-10,2024-11-19,PROV-014,SKU-0081,46,42,232.3,10685.8,3.7,1709.73,12000.16,EUR,Transferencia,ALM-10,TR-008,Completada,OK
COMP-0387,2024-01-21,2024-02-24,2024-02-19,PROV-046,SKU-0006,50,45,307.25,15362.5,5.4,2458.0,16990.92,EUR,Cheque,ALM-02,TR-014,Pendiente,Producto dañado
COMP-0388,2024-06-10,2024-06-23,2024-06-26,PROV-015,SKU-0069,47,43,460.22,21630.34,3.9,3460.85,24247.61,CNY,Letra de cambio,ALM-09,TR-007,Completada,Retraso por aduana
COMP-0389,2024-06-11,2024-06-19,2024-07-22,PROV-024,SKU-0013,98,93,152.86,14980.28,10.6,2396.84,15789.21,CNY,Transferencia,ALM-05,TR-003,Pendiente,OK
COMP-0390,2024-07-09,2024-07-26,2024-08-06,PROV-010,SKU-0076,19,17,436.33,8290.27,4.2,1326.44,9268.52,USD,Letra de cambio,ALM-02,TR-008,Completada,
COMP-0391,2025-03-09,2025-03-22,2025-03-26,PROV-037,SKU-0168,95,95,129.17,12271.15,8.2,1963.38,13228.3,USD,Letra de cambio,ALM-02,TR-003,Completada,Entrega parcial
COMP-0392,2025-01-12,2025-01-26,2025-01-23,PROV-012,SKU-0137,16,12,400.58,6409.28,8.3,1025.48,6902.79,USD,Crédito,ALM-01,TR-011,Completada,Entrega parcial
COMP-0393,2024-05-18,2024-05-31,2024-05-23,PROV-033,SKU-0006,65,62,277.03,18006.95,0.9,2881.11,20726.0,USD,Crédito,ALM-04,TR-020,En tránsito,Entrega parcial
COMP-0394,2024-09-11,2024-09-24,2024-10-23,PROV-030,SKU-0063,59,55,128.82,7600.38,1.6,1216.06,8694.83,USD,Transferencia,ALM-07,TR-005,Completada,Entrega parcial
COMP-0395,2025-07-08,2025-08-05,2025-08-12,PROV-030,SKU-0136,63,60,354.89,22358.07,5.9,3577.29,24616.23,CNY,Contado,ALM-10,TR-019,Cancelada,Entrega parcial
COMP-0396,2024-02-07,2024-02-23,2024-02-13,PROV-034,SKU-0105,22,18,276.42,6081.24,7.5,973.0,6598.15,USD,Contado,ALM-02,TR-020,Cancelada,Retraso por aduana
COMP-0397,2026-02-07,2026-02-11,2026-02-22,PROV-025,SKU-0077,48,45,60.74,2915.52,7.3,466.48,3169.17,USD,Cheque,ALM-10,TR-025,Completada,Entrega parcial
COMP-0398,2025-03-25,2025-04-13,2025-04-27,PROV-026,SKU-0063,19,16,57.37,1090.03,3.4,174.4,1227.37,EUR,Cheque,ALM-06,TR-007,Parcial,
COMP-0399,2024-04-13,2024-05-04,2024-05-08,PROV-027,SKU-0014,32,32,476.48,15247.36,13.5,2439.58,15628.55,USD,Cheque,ALM-07,TR-021,Cancelada,
COMP-0400,2024-02-11,2024-03-15,2024-02-17,PROV-039,SKU-0076,46,44,419.49,19296.54,8.3,3087.45,20782.38,USD,Crédito,ALM-05,TR-017,Completada,
